run,case,input_bytes,p50_ns,p95_ns,output_size_sink,output_fnv1a64
1,indic-to-indic,97,1141,1755,971552,14017784973806665146
1,tamil-output,97,1973,7366,971552,7388498911983242290
1,latin-input,43,1568,1691,901440,7359150328935576328
1,virtual-indic-to-latin,97,1494,1946,490784,9466446522807845639
1,virtual-indic-to-indic,97,1130,1713,971552,8246777740511628614
1,virtual-indic-to-tamil,97,1376,1430,971552,7388498911983242290
1,latin-output,97,1118,1194,490784,9466446522807845639
1,expansion-heavy,12,235,277,240384,11115195540000677780
1,protected-spans,71,413,445,671072,3400946404829606239
1,mixed-protected-spans,118,994,1073,1141824,17625643625584598443
2,indic-to-indic,97,1133,1217,971552,14017784973806665146
2,tamil-output,97,1435,1983,971552,7388498911983242290
2,latin-input,43,1597,1829,901440,7359150328935576328
2,virtual-indic-to-latin,97,1123,1841,490784,9466446522807845639
2,virtual-indic-to-indic,97,1104,1550,971552,8246777740511628614
2,virtual-indic-to-tamil,97,1432,1990,971552,7388498911983242290
2,latin-output,97,1142,1665,490784,9466446522807845639
2,expansion-heavy,12,238,353,240384,11115195540000677780
2,protected-spans,71,408,455,671072,3400946404829606239
2,mixed-protected-spans,118,985,1038,1141824,17625643625584598443
3,indic-to-indic,97,1142,1981,971552,14017784973806665146
3,tamil-output,97,1410,1521,971552,7388498911983242290
3,latin-input,43,1164,2266,901440,7359150328935576328
3,virtual-indic-to-latin,97,1563,1696,490784,9466446522807845639
3,virtual-indic-to-indic,97,1570,1653,971552,8246777740511628614
3,virtual-indic-to-tamil,97,1664,2034,971552,7388498911983242290
3,latin-output,97,1600,1987,490784,9466446522807845639
3,expansion-heavy,12,328,385,240384,11115195540000677780
3,protected-spans,71,500,565,671072,3400946404829606239
3,mixed-protected-spans,118,1244,1475,1141824,17625643625584598443
4,indic-to-indic,97,1196,1792,971552,14017784973806665146
4,tamil-output,97,1575,2147,971552,7388498911983242290
4,latin-input,43,1139,1211,901440,7359150328935576328
4,virtual-indic-to-latin,97,1090,1490,490784,9466446522807845639
4,virtual-indic-to-indic,97,1105,1170,971552,8246777740511628614
4,virtual-indic-to-tamil,97,1896,2172,971552,7388498911983242290
4,latin-output,97,1130,1220,490784,9466446522807845639
4,expansion-heavy,12,235,274,240384,11115195540000677780
4,protected-spans,71,410,439,671072,3400946404829606239
4,mixed-protected-spans,118,1005,1448,1141824,17625643625584598443
5,indic-to-indic,97,1186,1476,971552,14017784973806665146
5,tamil-output,97,1403,1485,971552,7388498911983242290
5,latin-input,43,1161,1641,901440,7359150328935576328
5,virtual-indic-to-latin,97,1503,1653,490784,9466446522807845639
5,virtual-indic-to-indic,97,1119,1783,971552,8246777740511628614
5,virtual-indic-to-tamil,97,1388,1869,971552,7388498911983242290
5,latin-output,97,1132,1414,490784,9466446522807845639
5,expansion-heavy,12,233,286,240384,11115195540000677780
5,protected-spans,71,412,447,671072,3400946404829606239
5,mixed-protected-spans,118,979,1038,1141824,17625643625584598443
