case,input_bytes,p50_ns,p95_ns,output_size_sink,output_fnv1a64
indic-to-indic,97,1239,1648,971552,14017784973806665146
tamil-output,97,1430,2109,971552,7388498911983242290
latin-input,43,1153,1344,901440,7359150328935576328
virtual-indic-to-latin,97,1109,1193,490784,9466446522807845639
virtual-indic-to-indic,97,1111,1197,971552,8246777740511628614
virtual-indic-to-tamil,97,1379,1709,971552,7388498911983242290
latin-output,97,1134,1457,490784,9466446522807845639
expansion-heavy,12,239,284,240384,11115195540000677780
protected-spans,71,417,447,671072,3400946404829606239
mixed-protected-spans,118,983,1124,1141824,17625643625584598443
