case,input_bytes,median_ns,sample_p95_ns,output_size_sink,output_fnv1a64
indic-to-indic,97,1305,1797,3007,14017784973806665146
indic-to-indic,4171,51685,74958,129301,15688688924159073716
indic-to-indic,1048667,13307860,15036740,32508677,15391101754612266628
tamil-output,97,1516,2048,3007,7388498911983242290
tamil-output,4171,61800,86243,129301,3780343408187787040
tamil-output,1048667,16492420,18523160,32508677,17801943012634048784
latin-input,43,1272,1792,2790,7359150328935576328
latin-input,4128,110309,145590,267840,9902460925614711205
latin-input,1048598,29249460,32387820,68036940,18108351992340597597
virtual-indic-to-latin,97,1235,1802,1519,9466446522807845639
virtual-indic-to-latin,4171,46913,59585,65317,4308207477460271959
virtual-indic-to-latin,1048667,12652980,14173520,16421909,18249842614417914327
virtual-indic-to-indic,97,1151,1625,3007,8246777740511628614
virtual-indic-to-indic,4171,48343,64013,129301,4563986278518254704
virtual-indic-to-indic,1048667,12637140,14199620,32508677,419736210570959968
virtual-indic-to-tamil,97,1530,2209,3007,7388498911983242290
virtual-indic-to-tamil,4171,59618,73640,129301,3780343408187787040
virtual-indic-to-tamil,1048667,15412580,17067420,32508677,17801943012634048784
latin-output,97,1282,1729,1519,9466446522807845639
latin-output,4171,49166,60110,65317,4308207477460271959
latin-output,1048667,12620720,14094660,16421909,18249842614417914327
expansion-heavy,36,581,877,2232,16395686128662914640
expansion-heavy,4104,49800,62251,254448,1967297930585441337
expansion-heavy,1048584,13353380,15026080,65012208,3659106211938774073
protected-spans,71,494,687,2077,3400946404829606239
protected-spans,4118,24249,38252,120466,12284566919753831737
protected-spans,1048599,6101490,7271566,30675213,12699700200056734463
mixed-protected-spans,118,1029,1628,3534,17625643625584598443
mixed-protected-spans,4130,30357,40905,123690,1630285188656447727
mixed-protected-spans,1048666,8201384,10128244,31406658,4388716414929489063
