run,case,input_bytes,median_ns,sample_p95_ns,output_size_sink,output_fnv1a64
1,indic-to-indic,97,1149.31,1360.81,3007,14017784973806665146
1,indic-to-indic,4171,47451.4,63816,129301,15688688924159073716
1,indic-to-indic,1048667,1.24339e+07,1.35707e+07,32508677,15391101754612266628
1,tamil-output,97,1442.28,2094.87,3007,7388498911983242290
1,tamil-output,4171,58498.7,76920.4,129301,3780343408187787040
1,tamil-output,1048667,1.5789e+07,1.80879e+07,32508677,17801943012634048784
1,latin-input,43,1177.76,1669.35,2790,7359150328935576328
1,latin-input,4128,107083,132325,267840,9902460925614711205
1,latin-input,1048598,2.74645e+07,2.91301e+07,68036940,18108351992340597597
1,virtual-indic-to-latin,97,1094.4,1633.62,1519,9466446522807845639
1,virtual-indic-to-latin,4171,44984.8,62610.4,65317,4308207477460271959
1,virtual-indic-to-latin,1048667,1.22779e+07,1.44279e+07,16421909,18249842614417914327
1,virtual-indic-to-indic,97,1138.31,2196.88,3007,8246777740511628614
1,virtual-indic-to-indic,4171,43814.8,67808.3,129301,4563986278518254704
1,virtual-indic-to-indic,1048667,1.20986e+07,1.39311e+07,32508677,419736210570959968
1,virtual-indic-to-tamil,97,1457.62,1888.59,3007,7388498911983242290
1,virtual-indic-to-tamil,4171,54986.1,75114.7,129301,3780343408187787040
1,virtual-indic-to-tamil,1048667,1.46116e+07,1.61597e+07,32508677,17801943012634048784
1,latin-output,97,1573.72,2191.37,1519,9466446522807845639
1,latin-output,4171,47656.2,89993,65317,4308207477460271959
1,latin-output,1048667,1.27247e+07,1.42597e+07,16421909,18249842614417914327
1,expansion-heavy,36,611.977,775.182,2232,16395686128662914640
1,expansion-heavy,4104,49234,64375.6,254448,1967297930585441337
1,expansion-heavy,1048584,1.32005e+07,1.51789e+07,65012208,3659106211938774073
1,protected-spans,71,422.938,790.409,2077,3400946404829606239
1,protected-spans,4118,21606,33021.1,120466,12284566919753831737
1,protected-spans,1048599,5.94139e+06,7.25039e+06,30675213,12699700200056734463
1,mixed-protected-spans,118,979.601,1447.37,3534,17625643625584598443
1,mixed-protected-spans,4130,31091.6,55191,123690,1630285188656447727
1,mixed-protected-spans,1048666,8.77637e+06,9.50094e+06,31406658,4388716414929489063
2,indic-to-indic,97,1154.51,1989.39,3007,14017784973806665146
2,indic-to-indic,4171,49779,65240.2,129301,15688688924159073716
2,indic-to-indic,1048667,1.25708e+07,1.48277e+07,32508677,15391101754612266628
2,tamil-output,97,1414.66,1711.28,3007,7388498911983242290
2,tamil-output,4171,58556.3,81928.7,129301,3780343408187787040
2,tamil-output,1048667,1.57879e+07,1.79384e+07,32508677,17801943012634048784
2,latin-input,43,1156.82,1543.4,2790,7359150328935576328
2,latin-input,4128,109179,139432,267840,9902460925614711205
2,latin-input,1048598,2.81794e+07,3.0943e+07,68036940,18108351992340597597
2,virtual-indic-to-latin,97,1172.13,1558.88,1519,9466446522807845639
2,virtual-indic-to-latin,4171,47025.1,59199.3,65317,4308207477460271959
2,virtual-indic-to-latin,1048667,1.22758e+07,1.5362e+07,16421909,18249842614417914327
2,virtual-indic-to-indic,97,1101.74,1577.07,3007,8246777740511628614
2,virtual-indic-to-indic,4171,44304.5,54903.2,129301,4563986278518254704
2,virtual-indic-to-indic,1048667,1.21171e+07,1.37853e+07,32508677,419736210570959968
2,virtual-indic-to-tamil,97,1361.81,2211.2,3007,7388498911983242290
2,virtual-indic-to-tamil,4171,54487.3,66824.4,129301,3780343408187787040
2,virtual-indic-to-tamil,1048667,1.45641e+07,1.72926e+07,32508677,17801943012634048784
2,latin-output,97,1126.14,1191.12,1519,9466446522807845639
2,latin-output,4171,47392.5,64279.4,65317,4308207477460271959
2,latin-output,1048667,1.20065e+07,1.46713e+07,16421909,18249842614417914327
2,expansion-heavy,36,521.907,1124.7,2232,16395686128662914640
2,expansion-heavy,4104,48250.4,63982.7,254448,1967297930585441337
2,expansion-heavy,1048584,1.28981e+07,1.44359e+07,65012208,3659106211938774073
2,protected-spans,71,408.235,687.135,2077,3400946404829606239
2,protected-spans,4118,20600,25723.8,120466,12284566919753831737
2,protected-spans,1048599,5.9522e+06,6.72623e+06,30675213,12699700200056734463
2,mixed-protected-spans,118,989.716,2386.48,3534,17625643625584598443
2,mixed-protected-spans,4130,31083.4,43602.2,123690,1630285188656447727
2,mixed-protected-spans,1048666,8.53737e+06,9.82052e+06,31406658,4388716414929489063
3,indic-to-indic,97,1229,2575.48,3007,14017784973806665146
3,indic-to-indic,4171,46075.6,68014.6,129301,15688688924159073716
3,indic-to-indic,1048667,1.22343e+07,1.35979e+07,32508677,15391101754612266628
3,tamil-output,97,1425.63,2668.69,3007,7388498911983242290
3,tamil-output,4171,65038.2,125710,129301,3780343408187787040
3,tamil-output,1048667,1.53162e+07,1.69438e+07,32508677,17801943012634048784
3,latin-input,43,1336.95,1641.58,2790,7359150328935576328
3,latin-input,4128,109961,130270,267840,9902460925614711205
3,latin-input,1048598,2.87255e+07,3.22796e+07,68036940,18108351992340597597
3,virtual-indic-to-latin,97,1381.86,1637.96,1519,9466446522807845639
3,virtual-indic-to-latin,4171,53928.3,61532,65317,4308207477460271959
3,virtual-indic-to-latin,1048667,1.25666e+07,1.46395e+07,16421909,18249842614417914327
3,virtual-indic-to-indic,97,1285.19,1599.8,3007,8246777740511628614
3,virtual-indic-to-indic,4171,48442.1,73968.1,129301,4563986278518254704
3,virtual-indic-to-indic,1048667,1.28577e+07,1.46194e+07,32508677,419736210570959968
3,virtual-indic-to-tamil,97,1900.76,2176.63,3007,7388498911983242290
3,virtual-indic-to-tamil,4171,58376.2,78362.6,129301,3780343408187787040
3,virtual-indic-to-tamil,1048667,1.56676e+07,1.73857e+07,32508677,17801943012634048784
3,latin-output,97,1140.55,1448.42,1519,9466446522807845639
3,latin-output,4171,57329.6,66242.2,65317,4308207477460271959
3,latin-output,1048667,1.34501e+07,1.55073e+07,16421909,18249842614417914327
3,expansion-heavy,36,560.225,756.141,2232,16395686128662914640
3,expansion-heavy,4104,47113.7,69577,254448,1967297930585441337
3,expansion-heavy,1048584,1.29607e+07,1.52368e+07,65012208,3659106211938774073
3,protected-spans,71,410.194,667.681,2077,3400946404829606239
3,protected-spans,4118,20747.8,30918.3,120466,12284566919753831737
3,protected-spans,1048599,5.6808e+06,6.45485e+06,30675213,12699700200056734463
3,mixed-protected-spans,118,1045.02,1623.72,3534,17625643625584598443
3,mixed-protected-spans,4130,30754.5,42494.1,123690,1630285188656447727
3,mixed-protected-spans,1048666,8.41444e+06,1.07314e+07,31406658,4388716414929489063
4,indic-to-indic,97,1142.47,1671.96,3007,14017784973806665146
4,indic-to-indic,4171,49490.6,69057.8,129301,15688688924159073716
4,indic-to-indic,1048667,1.26376e+07,1.39306e+07,32508677,15391101754612266628
4,tamil-output,97,1475.99,1984.29,3007,7388498911983242290
4,tamil-output,4171,56926.8,68416.3,129301,3780343408187787040
4,tamil-output,1048667,1.57863e+07,1.70204e+07,32508677,17801943012634048784
4,latin-input,43,1226.94,1570.4,2790,7359150328935576328
4,latin-input,4128,108218,156534,267840,9902460925614711205
4,latin-input,1048598,2.83796e+07,3.01838e+07,68036940,18108351992340597597
4,virtual-indic-to-latin,97,1555.12,2090.42,1519,9466446522807845639
4,virtual-indic-to-latin,4171,46300,56397.7,65317,4308207477460271959
4,virtual-indic-to-latin,1048667,1.21082e+07,1.42414e+07,16421909,18249842614417914327
4,virtual-indic-to-indic,97,1196.92,1498.56,3007,8246777740511628614
4,virtual-indic-to-indic,4171,47900.2,62447.1,129301,4563986278518254704
4,virtual-indic-to-indic,1048667,1.22149e+07,1.38225e+07,32508677,419736210570959968
4,virtual-indic-to-tamil,97,1364.91,2380.31,3007,7388498911983242290
4,virtual-indic-to-tamil,4171,54782.9,69536.1,129301,3780343408187787040
4,virtual-indic-to-tamil,1048667,1.45486e+07,1.68849e+07,32508677,17801943012634048784
4,latin-output,97,1155.29,2058.49,1519,9466446522807845639
4,latin-output,4171,50748.5,71771.5,65317,4308207477460271959
4,latin-output,1048667,1.24459e+07,1.42657e+07,16421909,18249842614417914327
4,expansion-heavy,36,529.016,842.584,2232,16395686128662914640
4,expansion-heavy,4104,48978.3,65403.5,254448,1967297930585441337
4,expansion-heavy,1048584,1.27067e+07,1.4561e+07,65012208,3659106211938774073
4,protected-spans,71,424.152,521.038,2077,3400946404829606239
4,protected-spans,4118,21389.4,30515.1,120466,12284566919753831737
4,protected-spans,1048599,5.65462e+06,7.32638e+06,30675213,12699700200056734463
4,mixed-protected-spans,118,987.121,1437.05,3534,17625643625584598443
4,mixed-protected-spans,4130,32710.2,46727.3,123690,1630285188656447727
4,mixed-protected-spans,1048666,8.41058e+06,1.05199e+07,31406658,4388716414929489063
5,indic-to-indic,97,1162.36,1900.35,3007,14017784973806665146
5,indic-to-indic,4171,45625.1,58737.7,129301,15688688924159073716
5,indic-to-indic,1048667,1.24341e+07,1.50004e+07,32508677,15391101754612266628
5,tamil-output,97,1436.71,1642.5,3007,7388498911983242290
5,tamil-output,4171,58402.3,77813.8,129301,3780343408187787040
5,tamil-output,1048667,1.58378e+07,1.87168e+07,32508677,17801943012634048784
5,latin-input,43,1182.42,1625.62,2790,7359150328935576328
5,latin-input,4128,103188,135798,267840,9902460925614711205
5,latin-input,1048598,2.89146e+07,3.10359e+07,68036940,18108351992340597597
5,virtual-indic-to-latin,97,1125.61,1434.64,1519,9466446522807845639
5,virtual-indic-to-latin,4171,47594.2,67616.2,65317,4308207477460271959
5,virtual-indic-to-latin,1048667,1.17634e+07,1.43271e+07,16421909,18249842614417914327
5,virtual-indic-to-indic,97,1104.5,1575.49,3007,8246777740511628614
5,virtual-indic-to-indic,4171,45324.2,93833.6,129301,4563986278518254704
5,virtual-indic-to-indic,1048667,1.20857e+07,1.31451e+07,32508677,419736210570959968
5,virtual-indic-to-tamil,97,1382.37,1874.76,3007,7388498911983242290
5,virtual-indic-to-tamil,4171,56281.4,73286.9,129301,3780343408187787040
5,virtual-indic-to-tamil,1048667,1.4571e+07,1.63196e+07,32508677,17801943012634048784
5,latin-output,97,1167.94,1601.88,1519,9466446522807845639
5,latin-output,4171,47149.9,63653.1,65317,4308207477460271959
5,latin-output,1048667,1.20746e+07,1.40856e+07,16421909,18249842614417914327
5,expansion-heavy,36,530.941,1112.91,2232,16395686128662914640
5,expansion-heavy,4104,46321.6,81833.7,254448,1967297930585441337
5,expansion-heavy,1048584,1.27212e+07,1.5526e+07,65012208,3659106211938774073
5,protected-spans,71,407.63,504.797,2077,3400946404829606239
5,protected-spans,4118,21767.1,26993.1,120466,12284566919753831737
5,protected-spans,1048599,5.69476e+06,6.77332e+06,30675213,12699700200056734463
5,mixed-protected-spans,118,976.236,1129.59,3534,17625643625584598443
5,mixed-protected-spans,4130,31453.1,47324.5,123690,1630285188656447727
5,mixed-protected-spans,1048666,8.67519e+06,9.42227e+06,31406658,4388716414929489063
